timepoints	biosolid	geothermal	fuel_oil	hydropower	solar	hydro_rps	wind	coal
2020020900	1	50	100	150	200	250	300	350
2020020901	2	51	101	151	201	251	301	351
2020020902	3	52	102	152	202	252	302	352
2020020903	4	53	103	153	203	253	303	353
2020020904	5	54	104	154	204	254	304	354
2020020905	6	55	105	155	205	255	305	355
2020020906	7	56	106	156	206	256	306	356
2020020907	8	57	107	157	207	257	307	357
2020020908	9	58	108	158	208	258	308	358
2020020909	10	59	109	159	209	259	309	359
2020020910	11	60	110	160	210	260	310	360
2020020911	12	61	111	161	211	261	311	361
2020020912	13	62	112	162	212	262	312	362
2020020913	14	63	113	163	213	263	313	363
2020020914	15	64	114	164	214	264	314	364
2020020915	16	65	115	165	215	265	315	365
2020020916	17	66	116	166	216	266	316	366
2020020917	18	67	117	167	217	267	317	367
2020020918	19	68	118	168	218	268	318	368
2020020919	20	69	119	169	219	269	319	369
2020020920	21	70	120	170	220	270	320	370
2020020921	22	71	121	171	221	271	321	371
2020020922	23	72	122	172	222	272	322	372
2020020923	24	73	123	173	223	273	323	373
2020022300	25	74	124	174	224	274	324	374
2020022301	26	75	125	175	225	275	325	375
2020022302	27	76	126	176	226	276	326	376
2020022303	28	77	127	177	227	277	327	377
2020022304	29	78	128	178	228	278	328	378
2020022305	30	79	129	179	229	279	329	379
2020022306	31	80	130	180	230	280	330	380
2020022307	32	81	131	181	231	281	331	381
2020022308	33	82	132	182	232	282	332	382
2020022309	34	83	133	183	233	283	333	383
2020022310	35	84	134	184	234	284	334	384
2020022311	36	85	135	185	235	285	335	385
2020022312	37	86	136	186	236	286	336	386
2020022313	38	87	137	187	237	287	337	387
2020022314	39	88	138	188	238	288	338	388
2020022315	40	89	139	189	239	289	339	389
2020022316	41	90	140	190	240	290	340	390
2020022317	42	91	141	191	241	291	341	391
2020022318	43	92	142	192	242	292	342	392
2020022319	44	93	143	193	243	293	343	393
2020022320	45	94	144	194	244	294	344	394
2020022321	46	95	145	195	245	295	345	395
2020022322	47	96	146	196	246	296	346	396
2020022323	48	97	147	197	247	297	347	397
2020071800	49	98	148	198	248	298	348	398
2020071801	50	99	149	199	249	299	349	399
2020071802	51	100	150	200	250	300	350	400
2020071803	52	101	151	201	251	301	351	401
2020071804	53	102	152	202	252	302	352	402
2020071805	54	103	153	203	253	303	353	403
2020071806	55	104	154	204	254	304	354	404
2020071807	56	105	155	205	255	305	355	405
2020071808	57	106	156	206	256	306	356	406
2020071809	58	107	157	207	257	307	357	407
2020071810	59	108	158	208	258	308	358	408
2020071811	60	109	159	209	259	309	359	409
2020071812	61	110	160	210	260	310	360	410
2020071813	62	111	161	211	261	311	361	411
2020071814	63	112	162	212	262	312	362	412
2020071815	64	113	163	213	263	313	363	413
2020071816	65	114	164	214	264	314	364	414
2020071817	66	115	165	215	265	315	365	415
2020071818	67	116	166	216	266	316	366	416
2020071819	68	117	167	217	267	317	367	417
2020071820	69	118	168	218	268	318	368	418
2020071821	70	119	169	219	269	319	369	419
2020071822	71	120	170	220	270	320	370	420
2020071823	72	121	171	221	271	321	371	421
2020102400	73	122	172	222	272	322	372	422
2020102401	74	123	173	223	273	323	373	423
2020102402	75	124	174	224	274	324	374	424
2020102403	76	125	175	225	275	325	375	425
2020102404	77	126	176	226	276	326	376	426
2020102405	78	127	177	227	277	327	377	427
2020102406	79	128	178	228	278	328	378	428
2020102407	80	129	179	229	279	329	379	429
2020102408	81	130	180	230	280	330	380	430
2020102409	82	131	181	231	281	331	381	431
2020102410	83	132	182	232	282	332	382	432
2020102411	84	133	183	233	283	333	383	433
2020102412	85	134	184	234	284	334	384	434
2020102413	86	135	185	235	285	335	385	435
2020102414	87	136	186	236	286	336	386	436
2020102415	88	137	187	237	287	337	387	437
2020102416	89	138	188	238	288	338	388	438
2020102417	90	139	189	239	289	339	389	439
2020102418	91	140	190	240	290	340	390	440
2020102419	92	141	191	241	291	341	391	441
2020102420	93	142	192	242	292	342	392	442
2020102421	94	143	193	243	293	343	393	443
2020102422	95	144	194	244	294	344	394	444
2020102423	96	145	195	245	295	345	395	445
2021020900	97	146	196	246	296	346	396	446
2021020901	98	147	197	247	297	347	397	447
2021020902	99	148	198	248	298	348	398	448
2021020903	100	149	199	249	299	349	399	449
2021020904	101	150	200	250	300	350	400	450
2021020905	102	151	201	251	301	351	401	451
2021020906	103	152	202	252	302	352	402	452
2021020907	104	153	203	253	303	353	403	453
2021020908	105	154	204	254	304	354	404	454
2021020909	106	155	205	255	305	355	405	455
2021020910	107	156	206	256	306	356	406	456
2021020911	108	157	207	257	307	357	407	457
2021020912	109	158	208	258	308	358	408	458
2021020913	110	159	209	259	309	359	409	459
2021020914	111	160	210	260	310	360	410	460
2021020915	112	161	211	261	311	361	411	461
2021020916	113	162	212	262	312	362	412	462
2021020917	114	163	213	263	313	363	413	463
2021020918	115	164	214	264	314	364	414	464
2021020919	116	165	215	265	315	365	415	465
2021020920	117	166	216	266	316	366	416	466
2021020921	118	167	217	267	317	367	417	467
2021020922	119	168	218	268	318	368	418	468
2021020923	120	169	219	269	319	369	419	469
2021022300	121	170	220	270	320	370	420	470
2021022301	122	171	221	271	321	371	421	471
2021022302	123	172	222	272	322	372	422	472
2021022303	124	173	223	273	323	373	423	473
2021022304	125	174	224	274	324	374	424	474
2021022305	126	175	225	275	325	375	425	475
2021022306	127	176	226	276	326	376	426	476
2021022307	128	177	227	277	327	377	427	477
2021022308	129	178	228	278	328	378	428	478
2021022309	130	179	229	279	329	379	429	479
2021022310	131	180	230	280	330	380	430	480
2021022311	132	181	231	281	331	381	431	481
2021022312	133	182	232	282	332	382	432	482
2021022313	134	183	233	283	333	383	433	483
2021022314	135	184	234	284	334	384	434	484
2021022315	136	185	235	285	335	385	435	485
2021022316	137	186	236	286	336	386	436	486
2021022317	138	187	237	287	337	387	437	487
2021022318	139	188	238	288	338	388	438	488
2021022319	140	189	239	289	339	389	439	489
2021022320	141	190	240	290	340	390	440	490
2021022321	142	191	241	291	341	391	441	491
2021022322	143	192	242	292	342	392	442	492
2021022323	144	193	243	293	343	393	443	493
2021071800	145	194	244	294	344	394	444	494
2021071801	146	195	245	295	345	395	445	495
2021071802	147	196	246	296	346	396	446	496
2021071803	148	197	247	297	347	397	447	497
2021071804	149	198	248	298	348	398	448	498
2021071805	150	199	249	299	349	399	449	499
2021071806	151	200	250	300	350	400	450	500
2021071807	152	201	251	301	351	401	451	501
2021071808	153	202	252	302	352	402	452	502
2021071809	154	203	253	303	353	403	453	503
2021071810	155	204	254	304	354	404	454	504
2021071811	156	205	255	305	355	405	455	505
2021071812	157	206	256	306	356	406	456	506
2021071813	158	207	257	307	357	407	457	507
2021071814	159	208	258	308	358	408	458	508
2021071815	160	209	259	309	359	409	459	509
2021071816	161	210	260	310	360	410	460	510
2021071817	162	211	261	311	361	411	461	511
2021071818	163	212	262	312	362	412	462	512
2021071819	164	213	263	313	363	413	463	513
2021071820	165	214	264	314	364	414	464	514
2021071821	166	215	265	315	365	415	465	515
2021071822	167	216	266	316	366	416	466	516
2021071823	168	217	267	317	367	417	467	517
2021102400	169	218	268	318	368	418	468	518
2021102401	170	219	269	319	369	419	469	519
2021102402	171	220	270	320	370	420	470	520
2021102403	172	221	271	321	371	421	471	521
2021102404	173	222	272	322	372	422	472	522
2021102405	174	223	273	323	373	423	473	523
2021102406	175	224	274	324	374	424	474	524
2021102407	176	225	275	325	375	425	475	525
2021102408	177	226	276	326	376	426	476	526
2021102409	178	227	277	327	377	427	477	527
2021102410	179	228	278	328	378	428	478	528
2021102411	180	229	279	329	379	429	479	529
2021102412	181	230	280	330	380	430	480	530
2021102413	182	231	281	331	381	431	481	531
2021102414	183	232	282	332	382	432	482	532
2021102415	184	233	283	333	383	433	483	533
2021102416	185	234	284	334	384	434	484	534
2021102417	186	235	285	335	385	435	485	535
2021102418	187	236	286	336	386	436	486	536
2021102419	188	237	287	337	387	437	487	537
2021102420	189	238	288	338	388	438	488	538
2021102421	190	239	289	339	389	439	489	539
2021102422	191	240	290	340	390	440	490	540
2021102423	192	241	291	341	391	441	491	541
2022020900	193	242	292	342	392	442	492	542
2022020901	194	243	293	343	393	443	493	543
2022020902	195	244	294	344	394	444	494	544
2022020903	196	245	295	345	395	445	495	545
2022020904	197	246	296	346	396	446	496	546
2022020905	198	247	297	347	397	447	497	547
2022020906	199	248	298	348	398	448	498	548
2022020907	200	249	299	349	399	449	499	549
2022020908	201	250	300	350	400	450	500	550
2022020909	202	251	301	351	401	451	501	551
2022020910	203	252	302	352	402	452	502	552
2022020911	204	253	303	353	403	453	503	553
2022020912	205	254	304	354	404	454	504	554
2022020913	206	255	305	355	405	455	505	555
2022020914	207	256	306	356	406	456	506	556
2022020915	208	257	307	357	407	457	507	557
2022020916	209	258	308	358	408	458	508	558
2022020917	210	259	309	359	409	459	509	559
2022020918	211	260	310	360	410	460	510	560
2022020919	212	261	311	361	411	461	511	561
2022020920	213	262	312	362	412	462	512	562
2022020921	214	263	313	363	413	463	513	563
2022020922	215	264	314	364	414	464	514	564
2022020923	216	265	315	365	415	465	515	565
2022022300	217	266	316	366	416	466	516	566
2022022301	218	267	317	367	417	467	517	567
2022022302	219	268	318	368	418	468	518	568
2022022303	220	269	319	369	419	469	519	569
2022022304	221	270	320	370	420	470	520	570
2022022305	222	271	321	371	421	471	521	571
2022022306	223	272	322	372	422	472	522	572
2022022307	224	273	323	373	423	473	523	573
2022022308	225	274	324	374	424	474	524	574
2022022309	226	275	325	375	425	475	525	575
2022022310	227	276	326	376	426	476	526	576
2022022311	228	277	327	377	427	477	527	577
2022022312	229	278	328	378	428	478	528	578
2022022313	230	279	329	379	429	479	529	579
2022022314	231	280	330	380	430	480	530	580
2022022315	232	281	331	381	431	481	531	581
2022022316	233	282	332	382	432	482	532	582
2022022317	234	283	333	383	433	483	533	583
2022022318	235	284	334	384	434	484	534	584
2022022319	236	285	335	385	435	485	535	585
2022022320	237	286	336	386	436	486	536	586
2022022321	238	287	337	387	437	487	537	587
2022022322	239	288	338	388	438	488	538	588
2022022323	240	289	339	389	439	489	539	589
2022071800	241	290	340	390	440	490	540	590
2022071801	242	291	341	391	441	491	541	591
2022071802	243	292	342	392	442	492	542	592
2022071803	244	293	343	393	443	493	543	593
2022071804	245	294	344	394	444	494	544	594
2022071805		295	345	395	445	495	545	595
2022071806		296	346	396	446	496	546	596
2022071807		297	347	397	447	497	547	597
2022071808		298	348	398	448	498	548	598
2022071809		299	349	399	449	499	549	599
2022071810		300	350	400	450	500	550	600
2022071811		301	351	401	451	501	551	601
2022071812		302	352	402	452	502	552	602
2022071813		303	353	403	453	503	553	603
2022071814		304	354	404	454	504	554	604
2022071815		305	355	405	455	505	555	605
2022071816		306	356	406	456	506	556	606
2022071817		307	357	407	457	507	557	607
2022071818		308	358	408	458	508	558	608
2022071819		309	359	409	459	509	559	609
2022071820		310	360	410	460	510	560	610
2022071821		311	361	411	461	511	561	611
2022071822		312	362	412	462	512	562	612
2022071823		313	363	413	463	513	563	613
2022102400		314	364	414	464	514	564	614
2022102401		315	365	415	465	515	565	615
2022102402		316	366	416	466	516	566	616
2022102403		317	367	417	467	517	567	617
2022102404		318	368	418	468	518	568	618
2022102405		319	369	419	469	519	569	619
2022102406		320	370	420	470	520	570	620
2022102407		321	371	421	471	521	571	621
2022102408		322	372	422	472	522	572	622
2022102409		323	373	423	473	523	573	623
2022102410		324	374	424	474	524	574	624
2022102411		325	375	425	475	525	575	625
2022102412		326	376	426	476	526	576	626
2022102413		327	377	427	477	527	577	627
2022102414		328	378	428	478	528	578	628
2022102415		329	379	429	479	529	579	629
2022102416		330	380	430	480	530	580	630
2022102417		331	381	431	481	531	581	631
2022102418		332	382	432	482	532	582	632
2022102419		333	383	433	483	533	583	633
2022102420		334	384	434	484	534	584	634
2022102421		335	385	435	485	535	585	635
2022102422		336	386	436	486	536	586	636
2022102423		337	387	437	487	537	587	637
2023020900		338	388	438	488	538	588	638
2023020901		339	389	439	489	539	589	639
2023020902		340	390	440	490	540	590	640
2023020903		341	391	441	491	541	591	641
2023020904		342	392	442	492	542	592	642
2023020905		343	393	443	493	543	593	643
2023020906		344	394	444	494	544	594	644
2023020907		345	395	445	495	545	595	645
2023020908		346	396	446	496	546	596	646
2023020909		347	397	447	497	547	597	647
2023020910		348	398	448	498	548	598	648
2023020911		349	399	449	499	549	599	649
2023020912		350	400	450	500	550	600	650
2023020913		351	401	451	501	551	601	651
2023020914		352	402	452	502	552	602	652
2023020915		353	403	453	503	553	603	653
2023020916		354	404	454	504	554	604	654
2023020917		355	405	455	505	555	605	655
2023020918		356	406	456	506	556	606	656
2023020919		357	407	457	507	557	607	657
2023020920		358	408	458	508	558	608	658
2023020921		359	409	459	509	559	609	659
2023020922		360	410	460	510	560	610	660
2023020923		361	411	461	511	561	611	661
2023022300		362	412	462	512	562	612	662
2023022301		363	413	463	513	563	613	663
2023022302		364	414	464	514	564	614	664
2023022303		365	415	465	515	565	615	665
2023022304		366	416	466	516	566	616	666
2023022305		367	417	467	517	567	617	667
2023022306		368	418	468	518	568	618	668
2023022307		369	419	469	519	569	619	669
2023022308		370	420	470	520	570	620	670
2023022309		371	421	471	521	571	621	671
2023022310		372	422	472	522	572	622	672
2023022311		373	423	473	523	573	623	673
2023022312		374	424	474	524	574	624	674
2023022313		375	425	475	525	575	625	675
2023022314		376	426	476	526	576	626	676
2023022315		377	427	477	527	577	627	677
2023022316		378	428	478	528	578	628	678
2023022317		379	429	479	529	579	629	679
2023022318		380	430	480	530	580	630	680
2023022319		381	431	481	531	581	631	681
2023022320		382	432	482	532	582	632	682
2023022321		383	433	483	533	583	633	683
2023022322		384	434	484	534	584	634	684
2023022323		385	435	485	535	585	635	685
2023071800		386	436	486	536	586	636	686
2023071801		387	437	487	537	587	637	687
2023071802		388	438	488	538	588	638	688
2023071803		389	439	489	539	589	639	689
2023071804		390	440	490	540	590	640	690
2023071805		391	441	491	541	591	641	691
2023071806		392	442	492	542	592	642	692
2023071807		393	443	493	543	593	643	693
2023071808		394	444	494	544	594	644	694
2023071809		395	445	495	545	595	645	695
2023071810		396	446	496	546	596	646	696
2023071811		397	447	497	547	597	647	697
2023071812		398	448	498	548	598	648	698
2023071813		399	449	499	549	599	649	699
2023071814		400	450	500	550	600	650	700
2023071815		401	451	501	551	601	651	701
2023071816		402	452	502	552	602	652	702
2023071817		403	453	503	553	603	653	703
2023071818		404	454	504	554	604	654	704
2023071819		405	455	505	555	605	655	705
2023071820		406	456	506	556	606	656	706
2023071821		407	457	507	557	607	657	707
2023071822		408	458	508	558	608	658	708
2023071823		409	459	509	559	609	659	709
2023102400		410	460	510	560	610	660	710
2023102401		411	461	511	561	611	661	711
2023102402		412	462	512	562	612	662	712
2023102403		413	463	513	563	613	663	713
2023102404		414	464	514	564	614	664	714
2023102405		415	465	515	565	615	665	715
2023102406		416	466	516	566	616	666	716
2023102407		417	467	517	567	617	667	717
2023102408		418	468	518	568	618	668	718
2023102409		419	469	519	569	619	669	719
2023102410		420	470	520	570	620	670	720
2023102411		421	471	521	571	621	671	721
2023102412		422	472	522	572	622	672	722
2023102413		423	473	523	573	623	673	723
2023102414		424	474	524	574	624	674	724
2023102415		425	475	525	575	625	675	725
2023102416		426	476	526	576	626	676	726
2023102417		427	477	527	577	627	677	727
2023102418		428	478	528	578	628	678	728
2023102419		429	479	529	579	629	679	729
2023102420		430	480	530	580	630	680	730
2023102421		431	481	531	581	631	681	731
2023102422		432	482	532	582	632	682	732
2023102423		433	483	533	583	633	683	733
2024020900		434	484	534	584	634	684	734
2024020901		435	485	535	585	635	685	735
2024020902			486	536	586	636	686	736
2024020903			487	537	587	637	687	737
2024020904			488	538	588	638	688	738
2024020905			489	539	589	639	689	739
2024020906			490	540	590	640	690	740
2024020907			491	541	591	641	691	741
2024020908			492	542	592	642	692	742
2024020909			493	543	593	643	693	743
2024020910			494	544	594	644	694	744
2024020911			495	545	595	645	695	745
2024020912			496	546	596	646	696	746
2024020913			497	547	597	647	697	747
2024020914			498	548	598	648	698	748
2024020915			499	549	599	649	699	749
2024020916			500	550	600	650	700	750
2024020917			501	551	601	651	701	751
2024020918			502	552	602	652	702	752
2024020919			503	553	603	653	703	753
2024020920			504	554	604	654	704	754
2024020921			505	555	605	655	705	755
2024020922			506	556	606	656	706	756
2024020923			507	557	607	657	707	757
2024022300			508	558	608	658	708	758
2024022301			509	559	609	659	709	759
2024022302			510	560	610	660	710	760
2024022303			511	561	611	661	711	761
2024022304			512	562	612	662	712	762
2024022305			513	563	613	663	713	763
2024022306			514	564	614	664	714	764
2024022307			515	565	615	665	715	765
2024022308			516	566	616	666	716	766
2024022309			517	567	617	667	717	767
2024022310			518	568	618	668	718	768
2024022311			519	569	619	669	719	769
2024022312			520	570	620	670	720	770
2024022313			521	571	621	671	721	771
2024022314			522	572	622	672	722	772
2024022315			523	573	623	673	723	773
2024022316			524	574	624	674	724	774
2024022317			525	575	625	675	725	775
2024022318			526	576	626	676	726	776
2024022319			527	577	627	677	727	777
2024022320			528	578	628	678	728	778
2024022321			529	579	629	679	729	779
2024022322			530	580	630	680	730	780
2024022323			531	581	631	681	731	781
2024071800			532	582	632	682	732	782
2024071801			533	583	633	683	733	783
2024071802			534	584	634	684	734	784
2024071803			535	585	635	685	735	785
2024071804			536	586	636	686	736	786
2024071805			537	587	637	687	737	787
2024071806			538	588	638	688	738	788
2024071807			539	589	639	689	739	789
2024071808			540	590	640	690	740	790
2024071809			541	591	641	691	741	791
2024071810			542	592	642	692	742	792
2024071811			543	593	643	693	743	793
2024071812			544	594	644	694	744	794
2024071813			545	595	645	695	745	795
2024071814			546	596	646	696	746	796
2024071815			547	597	647	697	747	797
2024071816			548	598	648	698	748	798
2024071817			549	599	649	699	749	799
2024071818			550	600	650	700	750	800
2024071819			551	601	651	701	751	801
2024071820			552	602	652	702	752	802
2024071821			553	603	653	703	753	803
2024071822			554	604	654	704	754	804
2024071823			555	605	655	705	755	805
2024102400			556	606	656	706	756	806
2024102401			557	607	657	707	757	807
2024102402			558	608	658	708	758	808
2024102403			559	609	659	709	759	809
2024102404			560	610	660	710	760	810
2024102405			561	611	661	711	761	811
2024102406			562	612	662	712	762	812
2024102407			563	613	663	713	763	813
2024102408			564	614	664	714	764	814
2024102409			565	615	665	715	765	815
2024102410			566	616	666	716	766	816
2024102411			567	617	667	717	767	817
2024102412			568	618	668	718	768	818
2024102413			569	619	669	719	769	819
2024102414			570	620	670	720	770	820
2024102415			571	621	671	721	771	821
2024102416			572	622	672	722	772	822
2024102417			573	623	673	723	773	823
2024102418			574	624	674	724	774	824
2024102419			575	625	675	725	775	825
2024102420			576	626	676	726	776	826
2024102421			577	627	677	727	777	827
2024102422			578	628	678	728	778	828
2024102423			579	629	679	729	779	829
2025020900			580	630	680	730	780	830
2025020901			581	631	681	731	781	831
2025020902			582	632	682	732	782	832
2025020903			583	633	683	733	783	833
2025020904			584	634	684	734	784	834
2025020905			585	635	685	735	785	835
2025020906			586	636	686	736	786	836
2025020907			587	637	687	737	787	837
2025020908			588	638	688	738	788	838
2025020909			589	639	689	739	789	839
2025020910			590	640	690	740	790	840
2025020911			591	641	691	741	791	841
2025020912			592	642	692	742	792	842
2025020913			593	643	693	743	793	843
2025020914			594	644	694	744	794	844
2025020915			595	645	695	745	795	845
2025020916				646	696	746	796	846
2025020917				647	697	747	797	847
2025020918				648	698	748	798	848
2025020919				649	699	749	799	849
2025020920				650	700	750	800	850
2025020921				651	701	751	801	851
2025020922				652	702	752	802	852
2025020923				653	703	753	803	853
2025022300				654	704	754	804	854
2025022301				655	705	755	805	855
2025022302				656	706	756	806	856
2025022303				657	707	757	807	857
2025022304				658	708	758	808	858
2025022305				659	709	759	809	859
2025022306				660	710	760	810	860
2025022307				661	711	761	811	861
2025022308				662	712	762	812	862
2025022309				663	713	763	813	863
2025022310				664	714	764	814	864
2025022311				665	715	765	815	865
2025022312				666	716	766	816	866
2025022313				667	717	767	817	867
2025022314				668	718	768	818	868
2025022315				669	719	769	819	869
2025022316				670	720	770	820	870
2025022317				671	721	771	821	871
2025022318				672	722	772	822	872
2025022319				673	723	773	823	873
2025022320				674	724	774	824	874
2025022321				675	725	775	825	875
2025022322				676	726	776	826	876
2025022323				677	727	777	827	877
2025071800				678	728	778	828	878
2025071801				679	729	779	829	879
2025071802				680	730	780	830	880
2025071803				681	731	781	831	881
2025071804				682	732	782	832	882
2025071805				683	733	783	833	883
2025071806				684	734	784	834	884
2025071807				685	735	785	835	885
2025071808				686	736	786	836	886
2025071809				687	737	787	837	887
2025071810				688	738	788	838	888
2025071811				689	739	789	839	889
2025071812				690	740	790	840	890
2025071813				691	741	791	841	891
2025071814				692	742	792	842	892
2025071815				693	743	793	843	893
2025071816				694	744	794	844	894
2025071817				695	745	795	845	895
2025071818				696	746	796	846	896
2025071819				697	747	797	847	897
2025071820				698	748	798	848	898
2025071821				699	749	799	849	899
2025071822				700	750	800	850	900
2025071823				701	751	801	851	901
2025102400				702	752	802	852	902
2025102401				703	753	803	853	903
2025102402				704	754	804	854	904
2025102403				705	755	805	855	905
2025102404				706	756	806	856	906
2025102405				707	757	807	857	907
2025102406				708	758	808	858	908
2025102407				709	759	809	859	909
2025102408				710	760	810	860	910
2025102409				711	761	811	861	911
2025102410				712	762	812	862	912
2025102411				713	763	813	863	913
2025102412				714	764	814	864	914
2025102413				715	765	815	865	915
2025102414				716	766	816	866	916
2025102415				717	767	817	867	917
2025102416				718	768	818	868	918
2025102417				719	769	819	869	919
2025102418				720	770	820	870	920
2025102419				721	771	821	871	921
2025102420				722	772	822	872	922
2025102421				723	773	823	873	923
2025102422				724	774	824	874	924
2025102423				725	775	825	875	925
2026020900				726	776	826	876	926
2026020901				727	777	827	877	927
2026020902				728	778	828	878	928
2026020903				729	779	829	879	929
2026020904				730	780	830	880	930
2026020905				731	781	831	881	931
2026020906				732	782	832	882	932
2026020907				733	783	833	883	933
2026020908				734	784	834	884	934
2026020909				735	785	835	885	935
2026020910				736	786	836	886	936
2026020911				737	787	837	887	937
2026020912				738	788	838	888	938
2026020913				739	789	839	889	939
2026020914				740	790	840	890	940
2026020915					791	841	891	941
2026020916					792	842	892	942
2026020917					793	843	893	943
2026020918					794	844	894	944
2026020919					795	845	895	945
2026020920					796	846	896	946
2026020921					797	847	897	947
2026020922					798	848	898	948
2026020923					799	849	899	949
2026022300					800	850	900	950
2026022301					801	851	901	951
2026022302					802	852	902	952
2026022303					803	853	903	953
2026022304					804	854	904	954
2026022305					805	855	905	955
2026022306					806	856	906	956
2026022307					807	857	907	957
2026022308					808	858	908	958
2026022309					809	859	909	959
2026022310					810	860	910	960
2026022311					811	861	911	961
2026022312					812	862	912	962
2026022313					813	863	913	963
2026022314					814	864	914	964
2026022315					815	865	915	965
2026022316					816	866	916	966
2026022317					817	867	917	967
2026022318					818	868	918	968
2026022319					819	869	919	969
2026022320					820	870	920	970
2026022321					821	871	921	971
2026022322					822	872	922	972
2026022323					823	873	923	973
2026071800					824	874	924	974
2026071801					825	875	925	975
2026071802					826	876	926	976
2026071803					827	877	927	977
2026071804					828	878	928	978
2026071805					829	879	929	979
2026071806					830	880	930	980
2026071807					831	881	931	981
2026071808					832	882	932	982
2026071809					833	883	933	983
2026071810					834	884	934	984
2026071811					835	885	935	985
2026071812					836	886	936	986
2026071813					837	887	937	987
2026071814					838	888	938	988
2026071815					839	889	939	989
2026071816					840	890	940	990
2026071817					841	891	941	991
2026071818					842	892	942	992
2026071819					843	893	943	993
2026071820					844	894	944	994
2026071821					845	895	945	995
2026071822					846	896	946	996
2026071823					847	897	947	997
2026102400					848	898	948	998
2026102401					849	899	949	999
2026102402					850	900	950	1000
2026102403					851	901	951	1001
2026102404					852	902	952	1002
2026102405					853	903	953	1003
2026102406					854	904	954	1004
2026102407					855	905	955	1005
2026102408					856	906	956	1006
2026102409					857	907	957	1007
2026102410					858	908	958	1008
2026102411					859	909	959	1009
2026102412					860	910	960	1010
2026102413					861	911	961	1011
2026102414					862	912	962	1012
2026102415					863	913	963	1013
2026102416					864	914	964	1014
2026102417					865	915	965	1015
2026102418					866	916	966	1016
2026102419					867	917	967	1017
2026102420					868	918	968	1018
2026102421					869	919	969	1019
2026102422					870	920	970	1020
2026102423					871	921	971	1021
2027020900					872	922	972	1022
2027020901					873	923	973	1023
2027020902					874	924	974	1024
2027020903					875	925	975	1025
2027020904					876	926	976	1026
2027020905					877	927	977	1027
2027020906					878	928	978	1028
2027020907					879	929	979	1029
2027020908					880	930	980	1030
2027020909					881	931	981	1031
2027020910					882	932	982	1032
2027020911					883	933	983	1033
2027020912					884	934	984	1034
2027020913					885	935	985	1035
2027020914					886	936	986	1036
2027020915					887	937	987	1037
2027020916					888	938	988	1038
2027020917					889	939	989	1039
2027020918					890	940	990	1040
2027020919					891	941	991	1041
2027020920					892	942	992	1042
2027020921					893	943	993	1043
2027020922					894	944	994	1044
2027020923					895	945	995	1045
2027022300					896	946	996	1046
2027022301					897	947	997	1047
2027022302					898	948	998	1048
2027022303					899	949	999	1049
2027022304					900	950	1000	1050
2027022305					901	951	1001	1051
2027022306					902	952	1002	1052
2027022307					903	953	1003	1053
2027022308					904	954	1004	1054
2027022309					905	955	1005	1055
2027022310					906	956	1006	1056
2027022311					907	957	1007	1057
2027022312					908	958	1008	1058
2027022313					909	959	1009	1059
2027022314					910	960	1010	1060
2027022315					911	961	1011	1061
2027022316					912	962	1012	1062
2027022317					913	963	1013	1063
2027022318					914	964	1014	1064
2027022319					915	965	1015	1065
2027022320					916	966	1016	1066
2027022321					917	967	1017	1067
2027022322					918	968	1018	1068
2027022323					919	969	1019	1069
2027071800					920	970	1020	1070
2027071801					921	971	1021	1071
2027071802					922	972	1022	1072
2027071803					923	973	1023	1073
2027071804					924	974	1024	1074
2027071805					925	975	1025	1075
2027071806					926	976	1026	1076
2027071807					927	977	1027	1077
2027071808					928	978	1028	1078
2027071809						979	1029	1079
2027071810						980	1030	1080
2027071811						981	1031	1081
2027071812						982	1032	1082
2027071813						983	1033	1083
2027071814						984	1034	1084
2027071815						985	1035	1085
2027071816						986	1036	1086
2027071817						987	1037	1087
2027071818						988	1038	1088
2027071819						989	1039	1089
2027071820						990	1040	1090
2027071821						991	1041	1091
2027071822						992	1042	1092
2027071823						993	1043	1093
2027102400						994	1044	1094
2027102401						995	1045	1095
2027102402						996	1046	1096
2027102403						997	1047	1097
2027102404						998	1048	1098
2027102405						999	1049	1099
2027102406						1000	1050	1100
2027102407						1001	1051	1101
2027102408						1002	1052	1102
2027102409						1003	1053	1103
2027102410						1004	1054	1104
2027102411						1005	1055	1105
2027102412						1006	1056	1106
2027102413						1007	1057	1107
2027102414						1008	1058	1108
2027102415						1009	1059	1109
2027102416						1010	1060	1110
2027102417						1011	1061	1111
2027102418						1012	1062	1112
2027102419						1013	1063	1113
2027102420						1014	1064	1114
2027102421						1015	1065	1115
2027102422						1016	1066	1116
2027102423						1017	1067	1117
2028020900						1018	1068	1118
2028020901						1019	1069	1119
2028020902						1020	1070	1120
2028020903						1021	1071	1121
2028020904						1022	1072	1122
2028020905						1023	1073	1123
2028020906						1024	1074	1124
2028020907						1025	1075	1125
2028020908						1026	1076	1126
2028020909						1027	1077	1127
2028020910						1028	1078	1128
2028020911						1029	1079	1129
2028020912						1030	1080	1130
2028020913						1031	1081	1131
2028020914						1032	1082	1132
2028020915						1033	1083	1133
2028020916						1034	1084	1134
2028020917						1035	1085	1135
2028020918						1036	1086	1136
2028020919						1037	1087	1137
2028020920						1038	1088	1138
2028020921						1039	1089	1139
2028020922						1040	1090	1140
2028020923						1041	1091	1141
2028022300						1042	1092	1142
2028022301						1043	1093	1143
2028022302						1044	1094	1144
2028022303						1045	1095	1145
2028022304						1046	1096	1146
2028022305						1047	1097	1147
2028022306						1048	1098	1148
2028022307						1049	1099	1149
2028022308						1050	1100	1150
2028022309						1051	1101	1151
2028022310						1052	1102	1152
2028022311						1053	1103	1153
2028022312						1054	1104	1154
2028022313						1055	1105	1155
2028022314						1056	1106	1156
2028022315						1057	1107	1157
2028022316						1058	1108	1158
2028022317						1059	1109	1159
2028022318						1060	1110	1160
2028022319						1061	1111	1161
2028022320						1062	1112	1162
2028022321						1063	1113	1163
2028022322						1064	1114	1164
2028022323						1065	1115	1165
2028071800						1066	1116	1166
2028071801						1067	1117	1167
2028071802						1068	1118	1168
2028071803						1069	1119	1169
2028071804						1070	1120	1170
2028071805						1071	1121	1171
2028071806						1072	1122	1172
2028071807						1073	1123	1173
2028071808						1074	1124	1174
2028071809						1075	1125	1175
2028071810						1076	1126	1176
2028071811						1077	1127	1177
2028071812						1078	1128	1178
2028071813						1079	1129	1179
2028071814						1080	1130	1180
2028071815						1081	1131	1181
2028071816						1082	1132	1182
2028071817						1083	1133	1183
2028071818						1084	1134	1184
2028071819						1085	1135	1185
2028071820						1086	1136	1186
2028071821						1087	1137	1187
2028071822						1088	1138	1188
2028071823						1089	1139	1189
2028102400						1090	1140	1190
2028102401						1091	1141	1191
2028102402						1092	1142	1192
2028102403						1093	1143	1193
2028102404						1094	1144	1194
2028102405						1095	1145	1195
2028102406						1096	1146	1196
2028102407						1097	1147	1197
2028102408						1098	1148	1198
2028102409						1099	1149	1199
2028102410						1100	1150	1200
2028102411						1101	1151	1201
2028102412						1102	1152	1202
2028102413						1103	1153	1203
2028102414						1104	1154	1204
2028102415						1105	1155	1205
2028102416						1106	1156	1206
2028102417						1107	1157	1207
2028102418						1108	1158	1208
2028102419						1109	1159	1209
2028102420						1110	1160	1210
2028102421						1111	1161	1211
2028102422						1112	1162	1212
2028102423							1163	1213
2029020900							1164	1214
2029020901							1165	1215
2029020902							1166	1216
2029020903							1167	1217
2029020904							1168	1218
2029020905							1169	1219
2029020906							1170	1220
2029020907							1171	1221
2029020908							1172	1222
2029020909							1173	1223
2029020910							1174	1224
2029020911							1175	1225
2029020912							1176	1226
2029020913							1177	1227
2029020914							1178	1228
2029020915							1179	1229
2029020916							1180	1230
2029020917							1181	1231
2029020918							1182	1232
2029020919							1183	1233
2029020920							1184	1234
2029020921							1185	1235
2029020922							1186	1236
2029020923							1187	1237
2029022300							1188	1238
2029022301							1189	1239
2029022302							1190	1240
2029022303							1191	1241
2029022304							1192	1242
2029022305							1193	1243
2029022306							1194	1244
2029022307							1195	1245
2029022308							1196	1246
2029022309							1197	1247
2029022310							1198	1248
2029022311							1199	1249
2029022312							1200	1250
2029022313							1201	1251
2029022314							1202	1252
2029022315							1203	1253
2029022316							1204	1254
2029022317							1205	1255
2029022318							1206	1256
2029022319							1207	1257
2029022320							1208	1258
2029022321							1209	1259
2029022322							1210	1260
2029022323							1211	1261
2029071800							1212	1262
2029071801							1213	1263
2029071802							1214	1264
2029071803							1215	1265
2029071804							1216	1266
2029071805							1217	1267
2029071806							1218	1268
2029071807							1219	1269
2029071808							1220	1270
2029071809							1221	1271
2029071810							1222	1272
2029071811							1223	1273
2029071812							1224	1274
2029071813							1225	1275
2029071814							1226	1276
2029071815							1227	1277
2029071816							1228	1278
2029071817							1229	1279
2029071818							1230	1280
2029071819							1231	1281
2029071820							1232	1282
2029071821							1233	1283
2029071822							1234	1284
2029071823							1235	1285
2029102400							1236	1286
2029102401							1237	1287
2029102402							1238	1288
2029102403							1239	1289
2029102404							1240	1290
2029102405							1241	1291
2029102406							1242	1292
2029102407							1243	1293
2029102408							1244	1294
2029102409							1245	1295
2029102410							1246	1296
2029102411							1247	1297
2029102412							1248	1298
2029102413							1249	1299
2029102414							1250	1300
2029102415							1251	1301
2029102416							1252	1302
2029102417							1253	1303
2029102418							1254	1304
2029102419							1255	1305
2029102420							1256	1306
2029102421							1257	1307
2029102422							1258	1308
2029102423							1259	1309
2030020900							1260	1310
2030020901							1261	1311
2030020902							1262	1312
2030020903							1263	1313
2030020904							1264	1314
2030020905							1265	1315
2030020906							1266	1316
2030020907							1267	1317
2030020908							1268	1318
2030020909							1269	1319
2030020910							1270	1320
2030020911							1271	1321
2030020912							1272	1322
2030020913							1273	1323
2030020914							1274	1324
2030020915							1275	1325
2030020916							1276	1326
2030020917							1277	1327
2030020918							1278	1328
2030020919							1279	1329
2030020920							1280	1330
2030020921							1281	1331
2030020922							1282	1332
2030020923							1283	1333
2030022300							1284	1334
2030022301							1285	1335
2030022302							1286	1336
2030022303							1287	1337
2030022304							1288	1338
2030022305							1289	1339
2030022306							1290	1340
2030022307							1291	1341
2030022308							1292	1342
2030022309							1293	1343
2030022310							1294	1344
2030022311							1295	1345
2030022312							1296	1346
2030022313							1297	1347
2030022314							1298	1348
2030022315							1299	1349
2030022316							1300	1350
2030022317							1301	1351
2030022318							1302	1352
2030022319							1303	1353
2030022320							1304	1354
2030022321							1305	1355
2030022322							1306	1356
2030022323							1307	1357
2030071800							1308	1358
2030071801							1309	1359
2030071802							1310	1360
2030071803							1311	1361
2030071804							1312	1362
2030071805							1313	1363
2030071806							1314	1364
2030071807							1315	1365
2030071808							1316	1366
2030071809							1317	1367
2030071810							1318	1368
2030071811							1319	1369
2030071812							1320	1370
2030071813							1321	1371
2030071814							1322	1372
2030071815							1323	1373
2030071816							1324	1374
2030071817							1325	1375
2030071818							1326	1376
2030071819							1327	1377
2030071820							1328	1378
2030071821							1329	1379
2030071822							1330	1380
2030071823							1331	1381
2030102400							1332	1382
2030102401							1333	1383
2030102402							1334	1384
2030102403							1335	1385
2030102404							1336	1386
2030102405							1337	1387
2030102406							1338	1388
2030102407							1339	1389
2030102408							1340	1390
2030102409							1341	1391
2030102410							1342	1392
2030102411							1343	1393
2030102412							1344	1394
2030102413							1345	1395
2030102414							1346	1396
2030102415							1347	1397
2030102416							1348	1398
2030102417							1349	1399
2030102418							1350	1400
2030102419							1351	1401
2030102420							1352	1402
2030102421							1353	1403
2030102422							1354	1404
2030102423							1355	1405
2031020900							1356	1406
2031020901							1357	1407
2031020902							1358	1408
2031020903							1359	1409
2031020904							1360	1410
2031020905							1361	1411
2031020906							1362	1412
2031020907							1363	1413
2031020908							1364	1414
2031020909							1365	1415
2031020910							1366	1416
2031020911							1367	1417
2031020912							1368	1418
2031020913							1369	1419
2031020914							1370	1420
2031020915							1371	1421
2031020916							1372	1422
2031020917							1373	1423
2031020918							1374	1424
2031020919							1375	1425
2031020920							1376	1426
2031020921							1377	1427
2031020922							1378	1428
2031020923							1379	1429
2031022300							1380	1430
2031022301							1381	1431
2031022302							1382	1432
2031022303							1383	1433
2031022304							1384	1434
2031022305							1385	1435
2031022306							1386	1436
2031022307							1387	1437
2031022308							1388	1438
2031022309							1389	1439
2031022310							1390	1440
2031022311							1391	1441
2031022312							1392	1442
2031022313							1393	1443
2031022314							1394	1444
2031022315							1395	1445
2031022316							1396	1446
2031022317							1397	1447
2031022318							1398	1448
2031022319							1399	1449
2031022320							1400	1450
2031022321							1401	1451
2031022322							1402	1452
2031022323							1403	1453
2031071800							1404	1454
2031071801							1405	1455
2031071802							1406	1456
2031071803								1457
2031071804								1458
2031071805								1459
2031071806								1460
2031071807								1461
2031071808								1462
2031071809								1463
2031071810								1464
2031071811								1465
2031071812								1466
2031071813								1467
2031071814								1468
2031071815								1469
2031071816								1470
2031071817								1471
2031071818								1472
2031071819								1473
2031071820								1474
2031071821								1475
2031071822								1476
2031071823								1477
2031102400								1478
2031102401								1479
2031102402								1480
2031102403								1481
2031102404								1482
2031102405								1483
2031102406								1484
2031102407								1485
2031102408								1486
2031102409								1487
2031102410								1488
2031102411								1489
2031102412								1490
2031102413								1491
2031102414								1492
2031102415								1493
2031102416								1494
2031102417								1495
2031102418								1496
2031102419								1497
2031102420								1498
2031102421								1499
2031102422								1500
2031102423								1501
2032020900								1502
2032020901								1503
2032020902								1504
2032020903								1505
2032020904								1506
2032020905								1507
2032020906								1508
2032020907								1509
2032020908								1510
2032020909								1511
2032020910								1512
2032020911								1513
2032020912								1514
2032020913								1515
2032020914								1516
2032020915								1517
2032020916								1518
2032020917								1519
2032020918								1520
2032020919								1521
2032020920								1522
2032020921								1523
2032020922								1524
2032020923								1525
2032022300								1526
2032022301								1527
2032022302								1528
2032022303								1529
2032022304								1530
2032022305								1531
2032022306								1532
2032022307								1533
2032022308								1534
2032022309								1535
2032022310								1536
2032022311								1537
2032022312								1538
2032022313								1539
2032022314								1540
2032022315								1541
2032022316								1542
2032022317								1543
2032022318								1544
2032022319								1545
2032022320								1546
2032022321								1547
2032022322								1548
2032022323								1549
2032071800								1550
2032071801								1551
2032071802								1552
2032071803								1553
2032071804								1554
2032071805								1555
2032071806								1556
2032071807								1557
2032071808								1558
2032071809								1559
2032071810								1560
2032071811								1561
2032071812								1562
2032071813								1563
2032071814								1564
2032071815								1565
2032071816								1566
2032071817								1567
2032071818								1568
2032071819								1569
2032071820								1570
2032071821								1571
2032071822								1572
2032071823								1573
2032102400								1574
2032102401								1575
2032102402								1576
2032102403								1577
2032102404								1578
2032102405								1579
2032102406								1580
2032102407								1581
2032102408								1582
2032102409								1583
2032102410								1584
2032102411								1585
2032102412								1586
2032102413								1587
2032102414								1588
2032102415								1589
2032102416								1590
2032102417								1591
2032102418								1592
2032102419								1593
2032102420								1594
2032102421								1595
2032102422								1596
2032102423								1597
2033020900								1598
2033020901								1599
2033020902								1600
2033020903								1601
2033020904								1602
2033020905								1603
2033020906								1604
2033020907								1605
2033020908								1606
2033020909								1607
2033020910								1608
2033020911								1609
2033020912								1610
2033020913								1611
2033020914								1612
2033020915								1613
2033020916								1614
2033020917								1615
2033020918								1616
2033020919								1617
2033020920								1618
2033020921								1619
2033020922								1620
2033020923								1621
2033022300								1622
2033022301								1623
2033022302								1624
2033022303								1625
2033022304								1626
2033022305								1627
2033022306								1628
2033022307								1629
2033022308								1630
2033022309								1631
2033022310								1632
2033022311								1633
2033022312								1634
2033022313								1635
2033022314								1636
2033022315								1637
2033022316								1638
2033022317								1639
2033022318								1640
2033022319								1641
2033022320								1642
2033022321								1643
2033022322								1644
2033022323								1645
2033071800								1646
2033071801								1647
2033071802								1648
2033071803								1649
2033071804								1650
2033071805								1651
2033071806								1652
2033071807								
2033071808								
2033071809								
2033071810								
2033071811								
2033071812								
2033071813								
2033071814								
2033071815								
2033071816								
2033071817								
2033071818								
2033071819								
2033071820								
2033071821								
2033071822								
2033071823								
2033102400								
2033102401								
2033102402								
2033102403								
2033102404								
2033102405								
2033102406								
2033102407								
2033102408								
2033102409								
2033102410								
2033102411								
2033102412								
2033102413								
2033102414								
2033102415								
2033102416								
2033102417								
2033102418								
2033102419								
2033102420								
2033102421								
2033102422								
2033102423								
2034020900								
2034020901								
2034020902								
2034020903								
2034020904								
2034020905								
2034020906								
2034020907								
2034020908								
2034020909								
2034020910								
2034020911								
2034020912								
2034020913								
2034020914								
2034020915								
2034020916								
2034020917								
2034020918								
2034020919								
2034020920								
2034020921								
2034020922								
2034020923								
2034022300								
2034022301								
2034022302								
2034022303								
2034022304								
2034022305								
2034022306								
2034022307								
2034022308								
2034022309								
2034022310								
2034022311								
2034022312								
2034022313								
2034022314								
2034022315								
2034022316								
2034022317								
2034022318								
2034022319								
2034022320								
2034022321								
2034022322								
2034022323								
2034071800								
2034071801								
2034071802								
2034071803								
2034071804								
2034071805								
2034071806								
2034071807								
2034071808								
2034071809								
2034071810								
2034071811								
2034071812								
2034071813								
2034071814								
2034071815								
2034071816								
2034071817								
2034071818								
2034071819								
2034071820								
2034071821								
2034071822								
2034071823								
2034102400								
2034102401								
2034102402								
2034102403								
2034102404								
2034102405								
2034102406								
2034102407								
2034102408								
2034102409								
2034102410								
2034102411								
2034102412								
2034102413								
2034102414								
2034102415								
2034102416								
2034102417								
2034102418								
2034102419								
2034102420								
2034102421								
2034102422								
2034102423								
2035020900								
2035020901								
2035020902								
2035020903								
2035020904								
2035020905								
2035020906								
2035020907								
2035020908								
2035020909								
2035020910								
2035020911								
2035020912								
2035020913								
2035020914								
2035020915								
2035020916								
2035020917								
2035020918								
2035020919								
2035020920								
2035020921								
2035020922								
2035020923								
2035022300								
2035022301								
2035022302								
2035022303								
2035022304								
2035022305								
2035022306								
2035022307								
2035022308								
2035022309								
2035022310								
2035022311								
2035022312								
2035022313								
2035022314								
2035022315								
2035022316								
2035022317								
2035022318								
2035022319								
2035022320								
2035022321								
2035022322								
2035022323								
2035071800								
2035071801								
2035071802								
2035071803								
2035071804								
2035071805								
2035071806								
2035071807								
2035071808								
2035071809								
2035071810								
2035071811								
2035071812								
2035071813								
2035071814								
2035071815								
2035071816								
2035071817								
2035071818								
2035071819								
2035071820								
2035071821								
2035071822								
2035071823								
2035102400								
2035102401								
2035102402								
2035102403								
2035102404								
2035102405								
2035102406								
2035102407								
2035102408								
2035102409								
2035102410								
2035102411								
2035102412								
2035102413								
2035102414								
2035102415								
2035102416								
2035102417								
2035102418								
2035102419								
2035102420								
2035102421								
2035102422								
2035102423								
2036020900								
2036020901								
2036020902								
2036020903								
2036020904								
2036020905								
2036020906								
2036020907								
2036020908								
2036020909								
2036020910								
2036020911								
2036020912								
2036020913								
2036020914								
2036020915								
2036020916								
2036020917								
2036020918								
2036020919								
2036020920								
2036020921								
2036020922								
2036020923								
2036022300								
2036022301								
2036022302								
2036022303								
2036022304								
2036022305								
2036022306								
2036022307								
2036022308								
2036022309								
2036022310								
2036022311								
2036022312								
2036022313								
2036022314								
2036022315								
2036022316								
2036022317								
2036022318								
2036022319								
2036022320								
2036022321								
2036022322								
2036022323								
2036071800								
2036071801								
2036071802								
2036071803								
2036071804								
2036071805								
2036071806								
2036071807								
2036071808								
2036071809								
2036071810								
2036071811								
2036071812								
2036071813								
2036071814								
2036071815								
2036071816								
2036071817								
2036071818								
2036071819								
2036071820								
2036071821								
2036071822								
2036071823								
2036102400								
2036102401								
2036102402								
2036102403								
2036102404								
2036102405								
2036102406								
2036102407								
2036102408								
2036102409								
2036102410								
2036102411								
2036102412								
2036102413								
2036102414								
2036102415								
2036102416								
2036102417								
2036102418								
2036102419								
2036102420								
2036102421								
2036102422								
2036102423								
2037020900								
2037020901								
2037020902								
2037020903								
2037020904								
2037020905								
2037020906								
2037020907								
2037020908								
2037020909								
2037020910								
2037020911								
2037020912								
2037020913								
2037020914								
2037020915								
2037020916								
2037020917								
2037020918								
2037020919								
2037020920								
2037020921								
2037020922								
2037020923								
2037022300								
2037022301								
2037022302								
2037022303								
2037022304								
2037022305								
2037022306								
2037022307								
2037022308								
2037022309								
2037022310								
2037022311								
2037022312								
2037022313								
2037022314								
2037022315								
2037022316								
2037022317								
2037022318								
2037022319								
2037022320								
2037022321								
2037022322								
2037022323								
2037071800								
2037071801								
2037071802								
2037071803								
2037071804								
2037071805								
2037071806								
2037071807								
2037071808								
2037071809								
2037071810								
2037071811								
2037071812								
2037071813								
2037071814								
2037071815								
2037071816								
2037071817								
2037071818								
2037071819								
2037071820								
2037071821								
2037071822								
2037071823								
2037102400								
2037102401								
2037102402								
2037102403								
2037102404								
2037102405								
2037102406								
2037102407								
2037102408								
2037102409								
2037102410								
2037102411								
2037102412								
2037102413								
2037102414								
2037102415								
2037102416								
2037102417								
2037102418								
2037102419								
2037102420								
2037102421								
2037102422								
2037102423								
2038020900								
2038020901								
2038020902								
2038020903								
2038020904								
2038020905								
2038020906								
2038020907								
2038020908								
2038020909								
2038020910								
2038020911								
2038020912								
2038020913								
2038020914								
2038020915								
2038020916								
2038020917								
2038020918								
2038020919								
2038020920								
2038020921								
2038020922								
2038020923								
2038022300								
2038022301								
2038022302								
2038022303								
2038022304								
2038022305								
2038022306								
2038022307								
2038022308								
2038022309								
2038022310								
2038022311								
2038022312								
2038022313								
2038022314								
2038022315								
2038022316								
2038022317								
2038022318								
2038022319								
2038022320								
2038022321								
2038022322								
2038022323								
2038071800								
2038071801								
2038071802								
2038071803								
2038071804								
2038071805								
2038071806								
2038071807								
2038071808								
2038071809								
2038071810								
2038071811								
2038071812								
2038071813								
2038071814								
2038071815								
2038071816								
2038071817								
2038071818								
2038071819								
2038071820								
2038071821								
2038071822								
2038071823								
2038102400								
2038102401								
2038102402								
2038102403								
2038102404								
2038102405								
2038102406								
2038102407								
2038102408								
2038102409								
2038102410								
2038102411								
2038102412								
2038102413								
2038102414								
2038102415								
2038102416								
2038102417								
2038102418								
2038102419								
2038102420								
2038102421								
2038102422								
2038102423								
2039020900								
2039020901								
2039020902								
2039020903								
2039020904								
2039020905								
2039020906								
2039020907								
2039020908								
2039020909								
2039020910								
2039020911								
2039020912								
2039020913								
2039020914								
2039020915								
2039020916								
2039020917								
2039020918								
2039020919								
2039020920								
2039020921								
2039020922								
2039020923								
2039022300								
2039022301								
2039022302								
2039022303								
2039022304								
2039022305								
2039022306								
2039022307								
2039022308								
2039022309								
2039022310								
2039022311								
2039022312								
2039022313								
2039022314								
2039022315								
2039022316								
2039022317								
2039022318								
2039022319								
2039022320								
2039022321								
2039022322								
2039022323								
2039071800								
2039071801								
2039071802								
2039071803								
2039071804								
2039071805								
2039071806								
2039071807								
2039071808								
2039071809								
2039071810								
2039071811								
2039071812								
2039071813								
2039071814								
2039071815								
2039071816								
2039071817								
2039071818								
2039071819								
2039071820								
2039071821								
2039071822								
2039071823								
2039102400								
2039102401								
2039102402								
2039102403								
2039102404								
2039102405								
2039102406								
2039102407								
2039102408								
2039102409								
2039102410								
2039102411								
2039102412								
2039102413								
2039102414								
2039102415								
2039102416								
2039102417								
2039102418								
2039102419								
2039102420								
2039102421								
2039102422								
2039102423								
